,k3,thk,ksnf1,ksnf1std1,nsnf1,nsnf2,dmth1,nmth1snf3,nmth1rgt2,thsnf3,dmth1rgt2,thmth1,kmth1mig1,nmth1mig1,kmth1mig2,nmth1mig2,thstd1,istd1,nstd1,nstd3,thrgt2,imig1,kmig1snf1,theta2,dmig2,kmig2std1,nmig2std1,kmig2mth1,nmig2mth1,dhxt4,dhxt4max,kdhxt4,ndhxt4,shxt4,khxt4mth1,nhxt4mth1,khxt4std1,nhxt4std1,khxt4mig1,khxt4mig2,nhxt4mig1,nhxt4mig2,estd1max3,ell,thmig2,smig2,kdmig2,mdmig2,r1,r2,r3,r4,r5,r6,r7,r8,r9,r10,r11,r12,r13,r14,r15,r16,r17,r18,r19,r20,r21
k3,0.0,4140.161939296521,4140.174172772393,4140.155766946762,4140.195478503207,4140.195753383528,4140.137326741399,4140.199764342659,4140.157406268979,4140.164539525291,4140.1604709916755,4140.150827209544,4140.167831830428,4140.180869154853,4140.1601062846785,4140.173179269526,4140.181763334242,4140.162995025688,4140.244561766616,4140.153892713936,4140.163276366713,4140.143349270312,4140.155336826354,4140.15975002962,4140.177132480399,4140.172220223448,4140.159705659005,4140.17699208739,4140.172758143925,4140.169561879793,4140.165675047789,4140.159750168281,4140.159750168281,4140.169117698662,4140.180646300041,4140.154907823837,4140.14971114249,4140.159597392221,4140.174739411349,4140.180306555761,4140.139801851718,4140.178808280122,4140.115244090802,4140.186873468176,4140.140397714963,4140.175076874831,4140.177502532851,4140.181965708167,4140.1582436596445,4140.15972893091,4140.159622614432,4140.159750161588,4140.159686005266,4140.1594110970955,4140.160053609596,4140.159422727383,4140.1596659543075,4140.159954869173,4140.159825555311,4140.194649161043,4140.157391895451,4140.163776351116,4140.162314205426,4140.159630379303,4140.16002020123,4140.160233594789,4140.157653309552,4140.160075998159,4140.159724718475
thk,0.0,0.0,2285.284680430846,2285.2894177972266,2285.2836930927538,2285.2928267800035,2285.288517004159,2285.306810536366,2285.2848656006936,2285.2866058267614,2285.2837285846003,2285.287272611262,2285.286530583112,2285.2926001516457,2285.2809730698687,2285.2827350221255,2285.287673625471,2285.2823543037703,2285.2718792688383,2285.2876260221383,2285.282855549092,2285.284756227132,2285.2886476191516,2285.2827171078034,2285.2800637072073,2285.2868381089966,2285.2818556696725,2285.2856217580875,2285.283267314328,2285.2887979207517,2285.2857723818724,2285.282717114557,2285.282717114557,2285.2855637031535,2285.288378461786,2285.289243108221,2285.2820309060976,2285.2863012162334,2285.2945002126908,2285.2899098859725,2285.283814662161,2285.282104010724,2285.294258375913,2285.267927734544,2285.2770304630903,2285.2810815010207,2285.282364624606,2285.2810312822153,2285.282177583597,2285.2827234680326,2285.282784296157,2285.2827171189488,2285.282743867989,2285.282382719993,2285.282727380809,2285.28271837619,2285.2830110451687,2285.2826840415582,2285.2827582399855,2285.281216696378,2285.2845017918703,2285.2827374468575,2285.2831291664675,2285.2826907161243,2285.2822873458017,2285.2829615534024,2285.283901232248,2285.2827815834785,2285.282714509144
ksnf1,0.0,0.0,0.0,543.9775645973713,543.9809288696357,543.9852250624954,543.9536595486329,543.9566959374251,543.9588076413607,543.9510586166745,543.9530319255335,543.9679142619373,543.9514564577937,543.9475563738164,543.9533418270059,543.9567205623557,543.9556983898382,543.9645010462057,543.949019299449,543.9433146050078,543.9548926429824,543.9384073415829,543.9528103443602,543.9538203538726,543.9439163199804,543.9535962992768,543.9538368968352,543.9655445525153,543.9559156689178,543.9590055721902,543.9633717101417,543.9538203573004,543.9538203573004,543.957296681413,543.9739652434121,543.9653728289701,543.9547033576474,543.9498524479641,543.9862068152161,543.9643960918431,543.9849773999935,543.9562515134741,543.9767729043123,543.940853843206,543.9360422172778,543.9453294362902,543.9626560053108,543.963663943248,543.9532494478622,543.9538509839828,543.953850256728,543.9538203639095,543.9537433482633,543.9547003646165,543.9538413823315,543.9538996084425,543.9539148182009,543.9538546026004,543.9538737977958,543.9548053899696,543.9668876649603,543.952060620479,543.9552096501823,543.9539379376229,543.9529765462615,543.953647072644,543.9524102536209,543.9537822608968,543.9538227067347
ksnf1std1,0.0,0.0,0.0,0.0,-640.8638852492668,-640.8491799411418,-640.8691703157843,-640.8429367038746,-640.8744616327201,-640.8789692033703,-640.8771935762661,-640.8696107842563,-640.8709811157835,-640.8742880137219,-640.8786280457425,-640.8773950084025,-640.8662249970209,-640.8653698781209,-640.8696666515665,-640.8418417323728,-640.8720947567856,-640.879508790314,-640.8896920725418,-640.8757367102919,-640.8768247418121,-640.8651938609211,-640.8751663562479,-640.8595144885477,-640.8785629313737,-640.8810389935791,-640.8716050040989,-640.8757367035388,-640.8757367035388,-640.8784027542986,-640.8208317513122,-640.8676874026793,-640.8785168955967,-640.8784433716218,-640.8452612113753,-640.8730256341593,-640.8455767212034,-640.8617835668886,-640.8589016906587,-640.8751818711764,-640.8681519024151,-640.8706948509076,-640.8648043595108,-640.8688358619896,-640.8749539488691,-640.8757418149349,-640.8757923988103,-640.8757366936043,-640.875742494692,-640.875432536974,-640.8757010079495,-640.8759039222099,-640.8754139239694,-640.8755559011909,-640.8756656339873,-640.8752734494773,-640.8681856942849,-640.8718191770546,-640.8768045822998,-640.8757389362864,-640.8756906429609,-640.8757266078788,-640.8794628266965,-640.8758733304495,-640.8757493538776
nsnf1,0.0,0.0,0.0,0.0,0.0,-5981.318092533821,-5981.324755439503,-5981.333632519498,-5981.320369939799,-5981.330947171007,-5981.325281510414,-5981.322684777277,-5981.31437292275,-5981.31348539778,-5981.322928765569,-5981.325183632125,-5981.321500253276,-5981.306747390276,-5981.31861233729,-5981.31431346346,-5981.325531127561,-5981.348775187866,-5981.323737809413,-5981.322641126664,-5981.333105670101,-5981.320457575819,-5981.322533790293,-5981.305685153095,-5981.3151650731625,-5981.333590026366,-5981.32080078654,-5981.322641130995,-5981.322641130995,-5981.342149019257,-5981.305807604379,-5981.331733924694,-5981.314713473765,-5981.331925885653,-5981.307640585998,-5981.3172592773335,-5981.321407066835,-5981.3253499709135,-5981.302118869763,-5981.325771844379,-5981.328030247799,-5981.32260215046,-5981.324877515721,-5981.323094492339,-5981.322446845839,-5981.322654154627,-5981.322612859905,-5981.322641108867,-5981.32266940518,-5981.322553164232,-5981.322619062897,-5981.322590221132,-5981.322871122766,-5981.32252211237,-5981.322578461405,-5981.316100955918,-5981.3154934695385,-5981.320173217507,-5981.321434516769,-5981.322574092325,-5981.323147389502,-5981.322451451518,-5981.3192745740525,-5981.322694424479,-5981.322660265865
nsnf2,0.0,0.0,0.0,0.0,0.0,0.0,1392.5423168292543,1392.5409436472714,1392.5611956600371,1392.547181660723,1392.5655826517368,1392.5612179261848,1392.5585775255743,1392.5524710661132,1392.5535857638172,1392.5639063657063,1392.5457996635287,1392.5189193786741,1392.5416392458465,1392.567463670641,1392.5523700938118,1392.5516591663954,1392.547815898674,1392.5558977369176,1392.540654329225,1392.5353625321286,1392.5552392712539,1392.573503287559,1392.5513286335586,1392.5512596081496,1392.5556000285624,1392.555897758081,1392.555897758081,1392.5562473711002,1392.538681033067,1392.548925939148,1392.5464471098,1392.553880860077,1392.5649080397795,1392.545218274546,1392.5705425902659,1392.570235297721,1392.4888641277346,1392.5144136606,1392.5221764600503,1392.5472483174487,1392.564661312518,1392.5584393554652,1392.552711516521,1392.5559106747892,1392.5559571150143,1392.5558977791,1392.555770531063,1392.5565184340433,1392.5559564465977,1392.5557828147046,1392.5553769467401,1392.556047976721,1392.5559725554062,1392.5612842054265,1392.5440789925606,1392.559368907196,1392.5572588593263,1392.5559971329442,1392.5554638037552,1392.5564774992704,1392.5518235907532,1392.555887409927,1392.5558480705406
dmth1,0.0,0.0,0.0,0.0,0.0,0.0,0.0,2123.6538267036767,2123.65998531354,2123.6462737405523,2123.655719884857,2123.65112637508,2123.6534379745895,2123.6475869335936,2123.6524688743743,2123.653274322857,2123.6473953686277,2123.6506987781345,2123.664030161946,2123.663589720509,2123.653555659538,2123.640498339429,2123.6486369040754,2123.654838891231,2123.6523005273207,2123.65985970588,2123.6553281021784,2123.667810050749,2123.6499651933837,2123.648116179771,2123.6590157896158,2123.654838906852,2123.654838906852,2123.653065113129,2123.64467159737,2123.650381213695,2123.6567342488797,2123.6524453407396,2123.6719553520525,2123.6558743357677,2123.6620466849004,2123.6564479663953,2123.6448717929375,2123.6585619191596,2123.668293801277,2123.641772378931,2123.6629246460247,2123.6486026164944,2123.6561156120697,2123.6548288771887,2123.6549815595235,2123.6548389256536,2123.6547236180213,2123.654726728847,2123.6549968951513,2123.6548086414723,2123.6551534405367,2123.6549126479326,2123.6548667062925,2123.6542755565897,2123.6677096478743,2123.653199519598,2123.6591740700082,2123.6547611453925,2123.6542142951257,2123.6548268575616,2123.6534023385275,2123.6546665850933,2123.6548423093295
nmth1snf3,0.0,0.0,0.0,0.0,0.0,0.0,0.0,0.0,-3182.786866022922,-3182.7774923678458,-3182.7795986081537,-3182.7690090112314,-3182.78862454913,-3182.7639033027694,-3182.7852689361366,-3182.7855104245846,-3182.781271066492,-3182.7968498050154,-3182.786822617786,-3182.7961563317094,-3182.784676210151,-3182.783091695667,-3182.786802667874,-3182.784555362208,-3182.7829393831516,-3182.8087354996283,-3182.784585276198,-3182.773651544289,-3182.7898146479956,-3182.773577547937,-3182.778292543211,-3182.7845553388274,-3182.7845553388274,-3182.7915792260005,-3182.768460516666,-3182.772540056768,-3182.7707925437962,-3182.77653011941,-3182.788061227034,-3182.7833442068363,-3182.7656762820156,-3182.7775440077507,-3182.825020146932,-3182.8376545401907,-3182.809777982992,-3182.7842658436834,-3182.7731520039256,-3182.790691894884,-3182.785865325166,-3182.784546869288,-3182.7845765829506,-3182.784555328893,-3182.784536331361,-3182.7842097455323,-3182.7845148236247,-3182.784671584652,-3182.784591907572,-3182.7845517526116,-3182.7844058729606,-3182.778838573913,-3182.7796801252343,-3182.783154464315,-3182.788675500677,-3182.7846093802054,-3182.784100715117,-3182.7841202115437,-3182.7831237814144,-3182.7844385369704,-3182.784582607627
nmth1rgt2,0.0,0.0,0.0,0.0,0.0,0.0,0.0,0.0,0.0,-392.2325795316729,-392.2333318163463,-392.22783955949575,-392.23326831946355,-392.23035872822044,-392.2358828921096,-392.23525713718175,-392.2334337711897,-392.23811724528844,-392.23892865987733,-392.2350546004118,-392.23407903200336,-392.23718051220607,-392.2336521120319,-392.2345665616378,-392.2344373214566,-392.227548175616,-392.23440667174685,-392.23407640369794,-392.2324563044603,-392.2348571361315,-392.23364628776517,-392.23456656929454,-392.23456656929454,-392.229924647987,-392.2371765171943,-392.22931910453184,-392.23518206311314,-392.2326496360701,-392.22664701672494,-392.233671986606,-392.2345632070183,-392.23178049978225,-392.231527466776,-392.23401138000594,-392.24188680488504,-392.23428017342366,-392.23170142837773,-392.23615967838685,-392.23387412141625,-392.2345617255502,-392.2345613243858,-392.23456656822793,-392.2345646244577,-392.2344805800357,-392.23455514691136,-392.2345490409104,-392.2345177173698,-392.2345825186978,-392.234528341398,-392.2337045066083,-392.23201052433416,-392.23321466019513,-392.2342288467345,-392.23459471799606,-392.2342958623984,-392.234519179269,-392.23298111678264,-392.2345634562275,-392.2345690006777
thsnf3,0.0,0.0,0.0,0.0,0.0,0.0,0.0,0.0,0.0,0.0,-160.89772611183054,-160.90003034832512,-160.8980459671111,-160.90375336632567,-160.90053298182983,-160.90231071217147,-160.90569127309436,-160.90648610815688,-160.89914586222275,-160.90697535009835,-160.89898782235977,-160.9051983435862,-160.9018774650271,-160.90027165903544,-160.9012873885897,-160.89896654153875,-160.90011570531,-160.9033252118626,-160.90518943284818,-160.90285176730126,-160.90166938990527,-160.90027167001756,-160.90027167001756,-160.903180192351,-160.89858505976744,-160.90779358999401,-160.89991803905917,-160.90527561229632,-160.89739027869317,-160.89975222464483,-160.89691788476682,-160.90100456031672,-160.9038188079554,-160.90160521617878,-160.91310801224924,-160.90156851170843,-160.9057362581667,-160.90394946599804,-160.90021531692952,-160.9002710894367,-160.90028057801328,-160.90027168446952,-160.9002747853317,-160.90000806003636,-160.90028983815597,-160.9002693697505,-160.89986191681626,-160.90024430940534,-160.90023146129073,-160.9022840879097,-160.89790601864283,-160.90099708869494,-160.90066067825376,-160.90032474702926,-160.89998197508498,-160.90029184991218,-160.90012342675766,-160.90037205449707,-160.9002681323069
dmth1rgt2,0.0,0.0,0.0,0.0,0.0,0.0,0.0,0.0,0.0,0.0,0.0,322.98228417685823,322.97875739408465,322.9818548826461,322.9796463258972,322.9790337770752,322.9749754241658,322.97568550905083,322.97384708554796,322.9782897618863,322.9791719275556,322.9702171672757,322.98170841727796,322.9790035077817,322.9746101435011,322.97816822906526,322.9783631256456,322.97827575111006,322.97803883367607,322.9846948875179,322.9780735432569,322.97900351010117,322.97900351010117,322.9801250150719,322.9782128555307,322.9841587725939,322.9767329644814,322.98056737336725,322.9782768020384,322.9792156906898,322.9779717771979,322.97628124443315,322.97819974328644,322.9739987118731,322.9685545282721,322.9733806095247,322.976971716204,322.97403059147064,322.9788310113476,322.9790081266098,322.9790337265503,322.97900351227617,322.9790012649335,322.9788791977105,322.97901274215394,322.979034826704,322.97900521782384,322.97901059131294,322.9790099892911,322.97923319801174,322.97916556824435,322.97992656114906,322.98056008503534,322.97896345757454,322.9788740748872,322.9791626080869,322.9800761736714,322.9790026426639,322.9790079634054
thmth1,0.0,0.0,0.0,0.0,0.0,0.0,0.0,0.0,0.0,0.0,0.0,0.0,742.1637495040478,742.1629887865291,742.1641028501901,742.1647151472223,742.1576710458359,742.1708557176021,742.1675383034074,742.1627244992637,742.1628374066992,742.1586553996963,742.1572183008416,742.161266556928,742.1671105088584,742.1732132994724,742.1614528937288,742.170901543921,742.1644194634863,742.1628851923746,742.1676144851153,742.161266576983,742.161266576983,742.1614431672003,742.1789467261661,742.161891099976,742.1603639802834,742.1647920662598,742.1689986578857,742.165359363549,742.163472473905,742.1639099823823,742.161508650825,742.1872368120089,742.1669511256865,742.1664476619138,742.165562055766,742.1643304462424,742.1615068790304,742.1612877185149,742.1613471920928,742.1612665636395,742.1612281680855,742.1613688773309,742.1612560661333,742.1612609605801,742.1617878208849,742.1613313849296,742.1613210683046,742.1664674747432,742.1655569590505,742.1608097132117,742.1627154421968,742.1611897078395,742.1617896330004,742.1612563156494,742.1599438182716,742.1612284517591,742.1612645790103
kmth1mig1,0.0,0.0,0.0,0.0,0.0,0.0,0.0,0.0,0.0,0.0,0.0,0.0,0.0,-272.7608291524499,-272.7577135391291,-272.75636225830846,-272.751093436048,-272.75127142706316,-272.76191961781313,-272.7511238337587,-272.75628686700213,-272.7688509537416,-272.7589412497811,-272.75712663524473,-272.75881100084973,-272.74697651566646,-272.75679588406206,-272.7578376662606,-272.75933095988745,-272.7566275268949,-272.76304181509727,-272.75712664844383,-272.75712664844383,-272.7591105819798,-272.76617641831007,-272.7647703290658,-272.75785299892027,-272.7602282178056,-272.7454227280941,-272.7614871572817,-272.7550795393931,-272.7570755811305,-272.7513640097072,-272.75740300324804,-272.76544044939624,-272.75902784952007,-272.7577921805073,-272.75246698380215,-272.7576601205242,-272.7571147792369,-272.75715326308836,-272.757126639618,-272.7570815997664,-272.75714282213744,-272.7571738639552,-272.7571111662894,-272.7562670993616,-272.75712252129614,-272.75712663937463,-272.76464860309426,-272.75038554601065,-272.75629002122804,-272.75612849137934,-272.75713622810923,-272.75759614354115,-272.75705429020337,-272.7566679502323,-272.75720360880257,-272.7571366761501
nmth1mig1,0.0,0.0,0.0,0.0,0.0,0.0,0.0,0.0,0.0,0.0,0.0,0.0,0.0,0.0,1571.464289049758,1571.4657037260126,1571.4633757407912,1571.4589434042591,1571.474282675944,1571.4616734470173,1571.4661947203244,1571.4499292345456,1571.4602649943538,1571.4649719102895,1571.4672664572583,1571.464578864385,1571.4649137669749,1571.4677937093302,1571.4641167094746,1571.4623463914636,1571.47047957075,1571.464971908175,1571.464971908175,1571.4652618823545,1571.4663160941818,1571.4638371513404,1571.4637953915897,1571.461789604741,1571.476314909513,1571.4653444140786,1571.4708831813148,1571.463849654497,1571.4653223945052,1571.460020692124,1571.469837541548,1571.464777418996,1571.4644569269658,1571.4673945881307,1571.4640082955473,1571.4649738588207,1571.4649843503587,1571.464971903699,1571.4648818513745,1571.4650530855795,1571.4648930248752,1571.4649546761484,1571.4652592123725,1571.4649887272676,1571.4650592345006,1571.4636827571203,1571.4747103159602,1571.4659761167293,1571.4672606099216,1571.464980117185,1571.464201269247,1571.4650845026524,1571.4654106207297,1571.4649428923315,1571.4649694845511
kmth1mig2,0.0,0.0,0.0,0.0,0.0,0.0,0.0,0.0,0.0,0.0,0.0,0.0,0.0,0.0,0.0,-308.566039066865,-308.56746238908914,-308.5608940260506,-308.57195132308135,-308.57030928347893,-308.564837254907,-308.5701673808,-308.565928946665,-308.5650433182138,-308.56592299898546,-308.5650625569625,-308.5647243710941,-308.5632983691889,-308.56754124800403,-308.5672795434946,-308.56549745894824,-308.5650433170028,-308.5650433170028,-308.5679666440192,-308.56972544828477,-308.56795966266765,-308.56571245950664,-308.56790237488633,-308.5681371093931,-308.56649099896146,-308.5675133787096,-308.56503185742577,-308.56896589375975,-308.56803002170403,-308.57514350644703,-308.568559845755,-308.5660090163373,-308.5647766548829,-308.56473192454456,-308.56503748450615,-308.56502016813823,-308.5650432837907,-308.565082974034,-308.565237874044,-308.56504117581227,-308.56504676967853,-308.5650157542916,-308.5650456156372,-308.56499959000234,-308.5658261015726,-308.56556946710856,-308.5655776770145,-308.5647294741434,-308.56502819891915,-308.5655349914127,-308.56499668184324,-308.5650608294366,-308.56503636642367,-308.56504692668614
nmth1mig2,0.0,0.0,0.0,0.0,0.0,0.0,0.0,0.0,0.0,0.0,0.0,0.0,0.0,0.0,0.0,0.0,36.27151171203334,36.27073475321544,36.266271346170335,36.272943033992824,36.26942330723634,36.271308623034976,36.26942163851379,36.26966248068655,36.27041950659044,36.26789550014126,36.269846075140336,36.273273585692245,36.26803689100171,36.26603549091357,36.26930152875722,36.269662484114484,36.269662484114484,36.26796747688752,36.27161666495181,36.269687846431644,36.271139852126566,36.26909223284891,36.27034126652584,36.26918848273146,36.27481972492057,36.27239309259806,36.26365858244961,36.27153568700163,36.27480182454746,36.26905610529406,36.269224510311844,36.27045948442243,36.27041009816913,36.26965973818649,36.26967151000345,36.26966246855406,36.269655013634214,36.26941592446108,36.26967676079964,36.26965028009324,36.26976563982852,36.269680299718885,36.269677193670574,36.26935220236857,36.271053606936604,36.269709132526074,36.269476585795076,36.26963091246747,36.26933067168019,36.26980512025949,36.270256848687936,36.269608529984474,36.269662117805005
thstd1,0.0,0.0,0.0,0.0,0.0,0.0,0.0,0.0,0.0,0.0,0.0,0.0,0.0,0.0,0.0,0.0,0.0,584.3648899447835,584.3503275836811,584.3671918699456,584.3558677165473,584.3556456695525,584.3545589936377,584.3560743919675,584.3560371093959,584.3621637453484,584.3559875881348,584.3658986363675,584.3476130792001,584.3549027736868,584.3618989287279,584.356074389853,584.356074389853,584.3555759625766,584.3830603485081,584.3652204122129,584.3610966136782,584.3591164434978,584.3737644899084,584.3528447565952,584.379288169327,584.3648811090634,584.3562765611067,584.3542452071655,584.351416639454,584.3555506605353,584.353724208816,584.3629354784567,584.3580234090142,584.3561027220092,584.3560190049523,584.356074394245,584.3560162147753,584.3569896242445,584.3561693440784,584.3560890927553,584.3564312813803,584.3561223657309,584.3561793529941,584.3443925986752,584.3655788756694,584.355545649768,584.3580446501448,584.3561579701726,584.3556797340012,584.3559518707598,584.3556068786887,584.3560894488669,584.3560878549924
istd1,0.0,0.0,0.0,0.0,0.0,0.0,0.0,0.0,0.0,0.0,0.0,0.0,0.0,0.0,0.0,0.0,0.0,0.0,192.30525889514269,192.30751263439748,192.29993411894858,192.30318193998667,192.29306449292864,192.2994993124297,192.2993734323227,192.30843631040716,192.2995803559679,192.31527731055567,192.30118192421855,192.30869828686718,192.29948021499155,192.29949930144758,192.29949930144758,192.2982217439313,192.32098820357263,192.29540697557945,192.30131810162464,192.2973590554733,192.30939789182423,192.2987993269116,192.30552727840768,192.30049599514987,192.28587113779457,192.30368737211603,192.3093862329606,192.30183952338166,192.29648492044387,192.3032501197373,192.30147438288066,192.2995272611587,192.29954724228108,192.2994993036226,192.29953073150168,192.3002383516897,192.2995018594215,192.29951050270324,192.29993649252782,192.29955617720566,192.29957235848008,192.30605180932685,192.30738252596504,192.2986679033666,192.30335414043842,192.29950978281468,192.29898124109377,192.29975228989784,192.2991998072492,192.29938114602817,192.299486580167
nstd1,0.0,0.0,0.0,0.0,0.0,0.0,0.0,0.0,0.0,0.0,0.0,0.0,0.0,0.0,0.0,0.0,0.0,0.0,0.0,1892.0373334001013,1892.0447795027662,1892.0309136015626,1892.0413945162081,1892.0440593513945,1892.046554217161,1892.044039417637,1892.0434412427905,1892.0490432071986,1892.050566564995,1892.044007190377,1892.0589928616323,1892.044059380317,1892.044059380317,1892.0478628406988,1892.0493635739967,1892.0385148986306,1892.0422218195708,1892.0442465843312,1892.0238520430396,1892.0399763417843,1892.0338805149668,1892.0435212975183,1892.0188068160705,1892.0393576402416,1892.0319097920262,1892.044762529782,1892.0484945702572,1892.0495486991156,1892.0429656602887,1892.0440594654137,1892.0440462346533,1892.0440593780584,1892.0441041529864,1892.04414687044,1892.0440700234485,1892.0439863713489,1892.044191378338,1892.0440461278138,1892.0440718064317,1892.0474910863397,1892.045419654508,1892.0446849321736,1892.0435378471138,1892.0440458201476,1892.0440690122414,1892.0440589610605,1892.0432384644375,1892.0440135723097,1892.0440632760626
nstd3,0.0,0.0,0.0,0.0,0.0,0.0,0.0,0.0,0.0,0.0,0.0,0.0,0.0,0.0,0.0,0.0,0.0,0.0,0.0,0.0,3707.2399671394883,3707.246726019187,3707.2321105323995,3707.2377194144333,3707.2415380168122,3707.254197663536,3707.237664260654,3707.24695518932,3707.2368486629375,3707.248516801343,3707.2469248359444,3707.237719401234,3707.237719401234,3707.2384191257142,3707.2596002527907,3707.2549841172054,3707.245113865975,3707.2458020292565,3707.261582349024,3707.2323049455217,3707.26547525539,3707.2445494359117,3707.240404261037,3707.272995299414,3707.204173889413,3707.24336115278,3707.240492028402,3707.2333706791114,3707.2390645941828,3707.23772785858,3707.2378842398693,3707.237719421145,3707.237723554137,3707.237582013369,3707.237658091567,3707.237752810622,3707.2382039083286,3707.237763132793,3707.237797175901,3707.234222407086,3707.254033858232,3707.2377115718277,3707.241007545434,3707.23771519985,3707.2382251141794,3707.2380054519244,3707.237734151836,3707.2376108939097,3707.2376959688386
thrgt2,0.0,0.0,0.0,0.0,0.0,0.0,0.0,0.0,0.0,0.0,0.0,0.0,0.0,0.0,0.0,0.0,0.0,0.0,0.0,0.0,0.0,-7.573927913020889,-7.572806980837235,-7.5739499807817525,-7.572934646639087,-7.572435453951252,-7.573732303190312,-7.573289850540717,-7.572281983019451,-7.573107114703247,-7.572702260269829,-7.573949985113084,-7.573949985113084,-7.572671310632576,-7.573204617265869,-7.571922876937529,-7.573338929363907,-7.573083688881283,-7.5717737050481055,-7.572712362982353,-7.572468313852323,-7.572745447232201,-7.573420764051108,-7.573494902571068,-7.572900083588592,-7.573742551984261,-7.572219041851352,-7.5737134799416035,-7.574129408458892,-7.573949508728028,-7.573957810136633,-7.573949994022705,-7.573957984332024,-7.573937772080066,-7.57394877503472,-7.573935102639222,-7.573942390323156,-7.57396172012551,-7.573941651458104,-7.574613264767164,-7.5733216293433525,-7.573703736190571,-7.573829640654725,-7.573940378326396,-7.574092404907348,-7.573953276407294,-7.57395649157984,-7.573959655993847,-7.5739544715937015
imig1,0.0,0.0,0.0,0.0,0.0,0.0,0.0,0.0,0.0,0.0,0.0,0.0,0.0,0.0,0.0,0.0,0.0,0.0,0.0,0.0,0.0,0.0,-3276.244910125862,-3276.2464076822193,-3276.245355613485,-3276.2419403161825,-3276.2462744875347,-3276.231527494549,-3276.2452781044767,-3276.2360778333104,-3276.236488240701,-3276.2464076632727,-3276.2464076632727,-3276.2383142534204,-3276.2336214050533,-3276.226304167114,-3276.2337565352,-3276.242517765531,-3276.2202184415783,-3276.242153359791,-3276.2175974454594,-3276.2409613687328,-3276.221425250816,-3276.230959199211,-3276.244773618581,-3276.244104181471,-3276.2485508846876,-3276.2430763741772,-3276.2459191788307,-3276.2463870050324,-3276.2464293485655,-3276.246407656664,-3276.2463603910114,-3276.246650389848,-3276.246426382319,-3276.2464150111005,-3276.2459771252106,-3276.2463741218494,-3276.246288311124,-3276.246407895766,-3276.230106954589,-3276.248032333413,-3276.243293968472,-3276.2464034159234,-3276.2458061787943,-3276.2464596484056,-3276.240414369194,-3276.2463800120763,-3276.2464180190855
kmig1snf1,0.0,0.0,0.0,0.0,0.0,0.0,0.0,0.0,0.0,0.0,0.0,0.0,0.0,0.0,0.0,0.0,0.0,0.0,0.0,0.0,0.0,0.0,0.0,775.8911083114972,775.8943295544591,775.8964625053003,775.8911637483434,775.895947341678,775.8890179183992,775.8991730151208,775.8918170566476,775.8911083104914,775.8911083104914,775.8958789613753,775.8971229482639,775.893280702087,775.892055675072,775.8901882880647,775.9025362059772,775.8931732434801,775.9061943623494,775.8904435909013,775.8982741939485,775.8956672852406,775.883691521899,775.8906577211395,775.8926351318061,775.8908848507074,775.8903005693586,775.8911184626833,775.8911778243059,775.8911082904971,775.8910743742573,775.8911253852598,775.8911292568214,775.8911139394842,775.8915641293564,775.891089471315,775.8911211201353,775.8917336024489,775.9025696847311,775.8911453573634,775.891682383671,775.8911142615544,775.8906730459577,775.8910267171012,775.8942898876002,775.8910021808284,775.8911005030442
theta2,0.0,0.0,0.0,0.0,0.0,0.0,0.0,0.0,0.0,0.0,0.0,0.0,0.0,0.0,0.0,0.0,0.0,0.0,0.0,0.0,0.0,0.0,0.0,0.0,-4.5513576061656345,-4.551310226768737,-4.551358688535386,-4.551358813430938,-4.551357127840777,-4.551363525982737,-4.551361542704587,-4.551356817544611,-4.551356817544611,-4.5513598632422,-4.551369177659507,-4.551359847496452,-4.551362559286851,-4.55136098589246,-4.5513534793868375,-4.5513604731803525,-4.55132106365113,-4.551357219670896,-4.551329406060476,-4.551369155505917,-4.55133210594008,-4.551346541865821,-4.551368776513062,-4.551364125191423,-4.551356640446268,-4.551356836644218,-4.55135686002265,-4.551356806501826,-4.551356831368612,-4.551356131457998,-4.551356986398966,-4.5513564836976945,-4.5513568268370275,-4.551356966861886,-4.551356836187079,-4.551356619952606,-4.551358154060704,-4.5513568067657415,-4.5513583091077585,-4.5513567956704675,-4.551356752797574,-4.551356504104742,-4.551357628708855,-4.551358573972313,-4.551356763745154
dmig2,0.0,0.0,0.0,0.0,0.0,0.0,0.0,0.0,0.0,0.0,0.0,0.0,0.0,0.0,0.0,0.0,0.0,0.0,0.0,0.0,0.0,0.0,0.0,0.0,0.0,-1422.0876644297343,-1422.0930180968116,-1422.0904060520413,-1422.096232575226,-1422.0912431599888,-1422.0942162606284,-1422.092853221342,-1422.092853221342,-1422.0980499417449,-1422.0913423075158,-1422.1030446996363,-1422.0936759297301,-1422.0979290377172,-1422.0908738072003,-1422.0991018072,-1422.0911411486031,-1422.0948990817155,-1422.0931770087243,-1422.113515934704,-1422.0948358821734,-1422.1024653166305,-1422.101426218689,-1422.1023324832265,-1422.0922655734585,-1422.0928687988817,-1422.0928650257613,-1422.09285323136,-1422.0928676441258,-1422.0925491988778,-1422.0928420140015,-1422.092836484403,-1422.09269518987,-1422.0928311414655,-1422.0928156895625,-1422.0954166359184,-1422.081673545099,-1422.0932775671308,-1422.091477548192,-1422.0928944111554,-1422.093448150544,-1422.0927448490147,-1422.0911120835572,-1422.0929767084867,-1422.0928600001319
kmig2std1,0.0,0.0,0.0,0.0,0.0,0.0,0.0,0.0,0.0,0.0,0.0,0.0,0.0,0.0,0.0,0.0,0.0,0.0,0.0,0.0,0.0,0.0,0.0,0.0,0.0,0.0,-3579.6904411149444,-3579.6799886527238,-3579.6957650145755,-3579.6991184116378,-3579.689450207554,-3579.6911344399778,-3579.6911344399778,-3579.704861388924,-3579.676475337289,-3579.698101826152,-3579.686149575918,-3579.6894562549865,-3579.68024834201,-3579.6895197118943,-3579.6767643845233,-3579.693959233284,-3579.7036427185003,-3579.697899810506,-3579.693902110357,-3579.6949712313963,-3579.695858895967,-3579.6936604203315,-3579.6916081690224,-3579.691129701538,-3579.6911309120846,-3579.6911344366945,-3579.691209301915,-3579.690237269162,-3579.691180870695,-3579.6910954239647,-3579.6902639126406,-3579.691128135801,-3579.691001064615,-3579.681613954562,-3579.6775675596264,-3579.693348275749,-3579.6881787560133,-3579.691071175638,-3579.692088920344,-3579.6913813589767,-3579.6885256132146,-3579.6912192881864,-3579.691148985795
nmig2std1,0.0,0.0,0.0,0.0,0.0,0.0,0.0,0.0,0.0,0.0,0.0,0.0,0.0,0.0,0.0,0.0,0.0,0.0,0.0,0.0,0.0,0.0,0.0,0.0,0.0,0.0,0.0,-18.365131072106703,-18.36482007661127,-18.365577344631138,-18.366336940128942,-18.365525307659663,-18.365525307659663,-18.365986232178486,-18.366632335286067,-18.364449749519554,-18.36568969206395,-18.365465266958793,-18.36566649694755,-18.365234031313022,-18.36610958243839,-18.365080256877853,-18.36569853421123,-18.36614457886618,-18.365841113735303,-18.36565247632357,-18.36588392964821,-18.365165191811332,-18.365600725781164,-18.36552588653502,-18.365519115011868,-18.365525298833813,-18.365526478723027,-18.365526358540553,-18.365524409060477,-18.36552666644157,-18.365534702340607,-18.36552214044423,-18.36552973245772,-18.365316976579155,-18.365676694003113,-18.36551296518749,-18.365124824817094,-18.365527355293068,-18.36552101189479,-18.365525463101257,-18.365573291846175,-18.36552699203702,-18.36552382726342
kmig2mth1,0.0,0.0,0.0,0.0,0.0,0.0,0.0,0.0,0.0,0.0,0.0,0.0,0.0,0.0,0.0,0.0,0.0,0.0,0.0,0.0,0.0,0.0,0.0,0.0,0.0,0.0,0.0,0.0,1405.8307165100246,1405.8328952735283,1405.8295120989158,1405.8403726647691,1405.8403726647691,1405.8316153183955,1405.8436894040528,1405.8328026805632,1405.839121954066,1405.8390213179525,1405.838136888876,1405.8381668713187,1405.843672099675,1405.837716807348,1405.8372002141093,1405.8279737920964,1405.8365967451684,1405.836254208608,1405.8325009832913,1405.8378203904742,1405.8401308502603,1405.8403766871393,1405.8403891772427,1405.8403726580764,1405.8404222947397,1405.8403169210274,1405.840344564768,1405.8403824959598,1405.8404788499229,1405.8403743754593,1405.8404480318463,1405.8418330368286,1405.8471938007235,1405.8401458610683,1405.841131759904,1405.8403234385712,1405.84040765398,1405.8401943931206,1405.8386206877547,1405.8403033483976,1405.8403769928166
nmig2mth1,0.0,0.0,0.0,0.0,0.0,0.0,0.0,0.0,0.0,0.0,0.0,0.0,0.0,0.0,0.0,0.0,0.0,0.0,0.0,0.0,0.0,0.0,0.0,0.0,0.0,0.0,0.0,0.0,0.0,252.81202499077833,252.811287805154,252.81321913209868,252.81321913209868,252.81131714973094,252.8060081379747,252.80884032409077,252.81253816890487,252.81225934120815,252.81982596732445,252.81674429386968,252.8212069825834,252.81247250900427,252.81286765410695,252.79993961025352,252.81738081145176,252.81516166828536,252.8093874762957,252.8135600736881,252.81277969236683,252.81320735438314,252.8132319600289,252.8132191575516,252.81322145381426,252.81317587080153,252.81317280890318,252.81321590111642,252.81394590237514,252.8132406111859,252.81323388266807,252.81314860174854,252.8151065875643,252.81358514199283,252.81307961535637,252.81321066976787,252.81286067433928,252.81319934792683,252.8138796677072,252.81309345351505,252.8132222751952
dhxt4,0.0,0.0,0.0,0.0,0.0,0.0,0.0,0.0,0.0,0.0,0.0,0.0,0.0,0.0,0.0,0.0,0.0,0.0,0.0,0.0,0.0,0.0,0.0,0.0,0.0,0.0,0.0,0.0,0.0,0.0,-175.16595135699833,-175.16646600063913,-175.16646600063913,-175.17428373959828,-175.16502207257096,-175.17048613649737,-175.16535979276398,-175.16780684694962,-175.16126259192248,-175.16827249995683,-175.158153878164,-175.16933623443376,-175.16657504031133,-175.1713345738381,-175.16175316941613,-175.16943322201038,-175.17145970543388,-175.16627372107612,-175.1663926425616,-175.1664721007876,-175.16643413257444,-175.1664659995725,-175.16646723710184,-175.16685715646307,-175.16651072764262,-175.1664546397642,-175.1661828044195,-175.16644083922492,-175.16641654729892,-175.16142225465313,-175.15727347618056,-175.16593016586958,-175.16469662335442,-175.16657918869745,-175.1669569900165,-175.16655683642531,-175.16685553227148,-175.16643322610855,-175.16649354212092
dhxt4max,0.0,0.0,0.0,0.0,0.0,0.0,0.0,0.0,0.0,0.0,0.0,0.0,0.0,0.0,0.0,0.0,0.0,0.0,0.0,0.0,0.0,0.0,0.0,0.0,0.0,0.0,0.0,0.0,0.0,0.0,0.0,2509.7783219514063,2509.7783219514063,2509.7759952544366,2509.7787930967565,2509.779094255195,2509.776981776347,2509.7778168391937,2509.7772934255654,2509.782453395753,2509.7752513511996,2509.778572781067,2509.7775638955463,2509.7945933412316,2509.7826117484624,2509.78074481065,2509.7777949610677,2509.773642580283,2509.7784378978877,2509.7783174762703,2509.7782581820625,2509.778321948039,2509.778353287241,2509.778426703683,2509.778325154508,2509.7783594377356,2509.7787340290624,2509.778336577952,2509.778367474123,2509.7808752728542,2509.7876909570837,2509.7791718691396,2509.779519272246,2509.778310799935,2509.7781990361946,2509.778517332836,2509.778775427631,2509.778404603618,2509.7783210785274
kdhxt4,0.0,0.0,0.0,0.0,0.0,0.0,0.0,0.0,0.0,0.0,0.0,0.0,0.0,0.0,0.0,0.0,0.0,0.0,0.0,0.0,0.0,0.0,0.0,0.0,0.0,0.0,0.0,0.0,0.0,0.0,0.0,0.0,0.0,1.9213089332894473e-8,7.049380259499687e-9,6.138674539538829e-9,3.4413100790685747e-9,1.6114375791307184e-8,-1.0520553874945388e-8,2.5582479511877827e-8,3.621746622975503e-9,3.0175773854949776e-8,2.681137724775072e-8,1.8118181092094175e-8,6.096125607178498e-9,3.5168278270310864e-9,1.1364529126452932e-8,1.583295986153656e-9,1.082831512580092e-8,1.4154396879317045e-8,-4.7901667747920774e-9,9.934317583115259e-9,7.236867170583315e-9,5.487987434688449e-9,1.1825735355185377e-8,1.4608473573286164e-8,7.33460345980954e-9,3.4688216606496695e-8,5.7438017799438775e-9,2.1345689393029162e-8,-9.681335646931545e-9,6.344944363807386e-9,-6.752991267933783e-10,1.7440275306376837e-8,2.3733764739195386e-8,1.4153829672916043e-8,2.3511258268766036e-8,-1.059246952997704e-8,1.1677716474175753e-8
ndhxt4,0.0,0.0,0.0,0.0,0.0,0.0,0.0,0.0,0.0,0.0,0.0,0.0,0.0,0.0,0.0,0.0,0.0,0.0,0.0,0.0,0.0,0.0,0.0,0.0,0.0,0.0,0.0,0.0,0.0,0.0,0.0,0.0,0.0,1.9213089332894473e-8,7.049380259499687e-9,6.138674539538829e-9,3.4413100790685747e-9,1.6114375791307184e-8,-1.0520553874945388e-8,2.5582479511877827e-8,3.621746622975503e-9,3.0175773854949776e-8,2.681137724775072e-8,1.8118181092094175e-8,6.096125607178498e-9,3.5168278270310864e-9,1.1364529126452932e-8,1.583295986153656e-9,1.082831512580092e-8,1.4154396879317045e-8,-4.7901667747920774e-9,9.934317583115259e-9,7.236867170583315e-9,5.487987434688449e-9,1.1825735355185377e-8,1.4608473573286164e-8,7.33460345980954e-9,3.4688216606496695e-8,5.7438017799438775e-9,2.1345689393029162e-8,-9.681335646931545e-9,6.344944363807386e-9,-6.752991267933783e-10,1.7440275306376837e-8,2.3733764739195386e-8,1.4153829672916043e-8,2.3511258268766036e-8,-1.059246952997704e-8,1.1677716474175753e-8
shxt4,0.0,0.0,0.0,0.0,0.0,0.0,0.0,0.0,0.0,0.0,0.0,0.0,0.0,0.0,0.0,0.0,0.0,0.0,0.0,0.0,0.0,0.0,0.0,0.0,0.0,0.0,0.0,0.0,0.0,0.0,0.0,0.0,0.0,0.0,-2204.6779305793048,-2204.6995629131134,-2204.6799771263495,-2204.682402427982,-2204.670848936043,-2204.675934756295,-2204.670391424392,-2204.680643073128,-2204.6673613040766,-2204.677195366536,-2204.667015145063,-2204.677324841194,-2204.6878323948745,-2204.67454675704,-2204.683479002842,-2204.683736958588,-2204.683665780709,-2204.6837322030515,-2204.683699324189,-2204.683516451083,-2204.683717829888,-2204.683799687379,-2204.683283210083,-2204.6837419738185,-2204.6835944525283,-2204.680797961375,-2204.678694593486,-2204.682351509244,-2204.681852879118,-2204.6837441104553,-2204.684183822971,-2204.6837846104686,-2204.68287842949,-2204.6837907982904,-2204.683741488043
khxt4mth1,0.0,0.0,0.0,0.0,0.0,0.0,0.0,0.0,0.0,0.0,0.0,0.0,0.0,0.0,0.0,0.0,0.0,0.0,0.0,0.0,0.0,0.0,0.0,0.0,0.0,0.0,0.0,0.0,0.0,0.0,0.0,0.0,0.0,0.0,0.0,1217.2178935146126,1217.2226695961344,1217.2150803333575,1217.226393177151,1217.2161830555888,1217.2117169576484,1217.2127125448048,1217.1773975602116,1217.2094173723856,1217.2074101431126,1217.2072130085783,1217.2218901867254,1217.21574434698,1217.214407886654,1217.2136370455303,1217.2137072313315,1217.2136330796495,1217.2136702693392,1217.2137113119,1217.2135492260265,1217.2134568458598,1217.2141125831672,1217.2136798617507,1217.2137910286551,1217.2145000495602,1217.219375269519,1217.2174982089496,1217.2175699441184,1217.2137951749326,1217.211871159952,1217.213848848043,1217.2134772971071,1217.2135601696707,1217.2136143050736
nhxt4mth1,0.0,0.0,0.0,0.0,0.0,0.0,0.0,0.0,0.0,0.0,0.0,0.0,0.0,0.0,0.0,0.0,0.0,0.0,0.0,0.0,0.0,0.0,0.0,0.0,0.0,0.0,0.0,0.0,0.0,0.0,0.0,0.0,0.0,0.0,0.0,0.0,1988.3721556472044,1988.3667933929116,1988.3670239683872,1988.3630600584354,1988.3830951352008,1988.3680781011674,1988.374775704812,1988.382988848838,1988.3733432623128,1988.3656572727705,1988.364765680902,1988.3687601044471,1988.365130684078,1988.3641298006187,1988.3641818707467,1988.3641257261086,1988.3640269556927,1988.3640418727985,1988.3642010494282,1988.3641302278327,1988.3644148903552,1988.3641554090007,1988.3643028992537,1988.375511941896,1988.3699256493637,1988.3662799136018,1988.3645892164639,1988.36418551323,1988.3637187020258,1988.3641634370438,1988.3640107672907,1988.364209360464,1988.3641233790106
khxt4std1,0.0,0.0,0.0,0.0,0.0,0.0,0.0,0.0,0.0,0.0,0.0,0.0,0.0,0.0,0.0,0.0,0.0,0.0,0.0,0.0,0.0,0.0,0.0,0.0,0.0,0.0,0.0,0.0,0.0,0.0,0.0,0.0,0.0,0.0,0.0,0.0,0.0,-1305.2261039830428,-1305.221952223945,-1305.226376271773,-1305.2251425069862,-1305.2280716583055,-1305.239548503161,-1305.2154833137736,-1305.2270122408406,-1305.2243223425187,-1305.2242172331728,-1305.2249869955642,-1305.2239510664408,-1305.224195661836,-1305.2242054297462,-1305.2242114949622,-1305.2242606116072,-1305.2241333890775,-1305.2242429391658,-1305.2241787118157,-1305.224077870779,-1305.2241968628323,-1305.2241758663783,-1305.2260761286911,-1305.2215745252317,-1305.2229970146452,-1305.2241584820615,-1305.2241633567187,-1305.2251705443862,-1305.2242967107798,-1305.2237583623203,-1305.2242739243875,-1305.2242260606897
nhxt4std1,0.0,0.0,0.0,0.0,0.0,0.0,0.0,0.0,0.0,0.0,0.0,0.0,0.0,0.0,0.0,0.0,0.0,0.0,0.0,0.0,0.0,0.0,0.0,0.0,0.0,0.0,0.0,0.0,0.0,0.0,0.0,0.0,0.0,0.0,0.0,0.0,0.0,0.0,695.2288289140103,695.2195332077371,695.2294982957911,695.2190834508117,695.2183127071931,695.2215219194294,695.2110456811271,695.218315011679,695.2192721329574,695.2169816472071,695.2237220757746,695.2226746688549,695.2227107172035,695.222670231876,695.2226822992737,695.222507242903,695.2226234431663,695.2227046344925,695.2228853716005,695.2226970848523,695.2226551292591,695.2239960327807,695.224482546635,695.2229115581393,695.2219101245107,695.2226741578122,695.2224256281103,695.2226577425662,695.222581675629,695.2226438021274,695.2226732863371
khxt4mig1,0.0,0.0,0.0,0.0,0.0,0.0,0.0,0.0,0.0,0.0,0.0,0.0,0.0,0.0,0.0,0.0,0.0,0.0,0.0,0.0,0.0,0.0,0.0,0.0,0.0,0.0,0.0,0.0,0.0,0.0,0.0,0.0,0.0,0.0,0.0,0.0,0.0,0.0,0.0,-391.4738315479789,-391.471828681252,-391.4767632940105,-391.48618680052795,-391.4795311865011,-391.47707599884313,-391.47837400608637,-391.48174489902897,-391.47814660716114,-391.47773789068316,-391.47868365673827,-391.4786658814651,-391.4786799442692,-391.47875274774157,-391.4792241626913,-391.47869460295976,-391.4786282063402,-391.47819386976033,-391.4786114129406,-391.4786318121797,-391.47064467686903,-391.47465793416876,-391.48001775978264,-391.47567215123746,-391.47869779859735,-391.4789901382332,-391.47826194053914,-391.4753359479099,-391.47876266639645,-391.4787054295031
khxt4mig2,0.0,0.0,0.0,0.0,0.0,0.0,0.0,0.0,0.0,0.0,0.0,0.0,0.0,0.0,0.0,0.0,0.0,0.0,0.0,0.0,0.0,0.0,0.0,0.0,0.0,0.0,0.0,0.0,0.0,0.0,0.0,0.0,0.0,0.0,0.0,0.0,0.0,0.0,0.0,0.0,-1261.5010094798452,-1261.5117739940067,-1261.5075110224402,-1261.507176695373,-1261.5094073882303,-1261.5121579813772,-1261.5099290385294,-1261.5162261141616,-1261.507105294122,-1261.5079997536823,-1261.5079987539457,-1261.508000660194,-1261.5080663927567,-1261.508095673548,-1261.5080463459797,-1261.5079631317014,-1261.5073369871327,-1261.50801848619,-1261.5079826739684,-1261.5070584896782,-1261.5064185839688,-1261.5097302078802,-1261.5079444005944,-1261.5080131617362,-1261.5085882945343,-1261.508005280498,-1261.5051437551906,-1261.5080741288405,-1261.5079955949745
nhxt4mig1,0.0,0.0,0.0,0.0,0.0,0.0,0.0,0.0,0.0,0.0,0.0,0.0,0.0,0.0,0.0,0.0,0.0,0.0,0.0,0.0,0.0,0.0,0.0,0.0,0.0,0.0,0.0,0.0,0.0,0.0,0.0,0.0,0.0,0.0,0.0,0.0,0.0,0.0,0.0,0.0,0.0,2353.921398381223,2353.9164725563996,2353.90662991219,2353.898247586545,2353.9092650114094,2353.9064550503385,2353.9174531429903,2353.914114135384,2353.9135357074724,2353.9137543081124,2353.9135471016166,2353.9136072432198,2353.912614994076,2353.913649747535,2353.9136081007855,2353.9138883083806,2353.9136766640195,2353.9135936319713,2353.920107917497,2353.919176285511,2353.9124369596443,2353.9135209744204,2353.9134755908435,2353.912839359355,2353.913723381988,2353.9107861637867,2353.913335014761,2353.913530500744
nhxt4mig2,0.0,0.0,0.0,0.0,0.0,0.0,0.0,0.0,0.0,0.0,0.0,0.0,0.0,0.0,0.0,0.0,0.0,0.0,0.0,0.0,0.0,0.0,0.0,0.0,0.0,0.0,0.0,0.0,0.0,0.0,0.0,0.0,0.0,0.0,0.0,0.0,0.0,0.0,0.0,0.0,0.0,0.0,-695.1871722306821,-695.1883273427143,-695.1894064671332,-695.1941786997925,-695.1894419638398,-695.19159671672,-695.1874060755227,-695.188462495386,-695.1884493080571,-695.1884656964244,-695.1884678584152,-695.1883808743394,-695.1884551640983,-695.1884770745961,-695.1881929341612,-695.1884463244908,-695.1884470661793,-695.1875926720683,-695.1818013131546,-695.189056752255,-695.1884960269268,-695.1884079211706,-695.188400380628,-695.1885725295621,-695.1881919303406,-695.1885815550588,-695.1884688959333
estd1max3,0.0,0.0,0.0,0.0,0.0,0.0,0.0,0.0,0.0,0.0,0.0,0.0,0.0,0.0,0.0,0.0,0.0,0.0,0.0,0.0,0.0,0.0,0.0,0.0,0.0,0.0,0.0,0.0,0.0,0.0,0.0,0.0,0.0,0.0,0.0,0.0,0.0,0.0,0.0,0.0,0.0,0.0,0.0,-3500.6408966519484,-3500.649330938084,-3500.6282809153113,-3500.614818397318,-3500.63322210538,-3500.634260394783,-3500.6365699663097,-3500.6364459988067,-3500.6365665398243,-3500.636752746103,-3500.636537332845,-3500.6366301916405,-3500.6367532364325,-3500.6367254367087,-3500.6364039650634,-3500.6366492999305,-3500.6375313977856,-3500.6347296913696,-3500.632060073795,-3500.6382224657314,-3500.6365708331696,-3500.636739925706,-3500.636000818481,-3500.640109737096,-3500.6366678298796,-3500.6366239444687
ell,0.0,0.0,0.0,0.0,0.0,0.0,0.0,0.0,0.0,0.0,0.0,0.0,0.0,0.0,0.0,0.0,0.0,0.0,0.0,0.0,0.0,0.0,0.0,0.0,0.0,0.0,0.0,0.0,0.0,0.0,0.0,0.0,0.0,0.0,0.0,0.0,0.0,0.0,0.0,0.0,0.0,0.0,0.0,0.0,4669.017858958784,4669.004868458939,4669.008461195065,4669.010122369124,4669.00483723409,4669.003544159887,4669.003555777627,4669.003578216635,4669.003589226555,4669.004383502245,4669.003591057898,4669.003557455292,4669.003921024025,4669.0036943466375,4669.003703353914,4669.007279740149,4669.011322652282,4669.00459549073,4669.005621867448,4669.003624685527,4669.002765153398,4669.003367916987,4669.001004840257,4669.003644891448,4669.003551318106
thmig2,0.0,0.0,0.0,0.0,0.0,0.0,0.0,0.0,0.0,0.0,0.0,0.0,0.0,0.0,0.0,0.0,0.0,0.0,0.0,0.0,0.0,0.0,0.0,0.0,0.0,0.0,0.0,0.0,0.0,0.0,0.0,0.0,0.0,0.0,0.0,0.0,0.0,0.0,0.0,0.0,0.0,0.0,0.0,0.0,0.0,1301.420812127461,1301.411063331508,1301.4195380726144,1301.429763682684,1301.4300616308053,1301.4300768477372,1301.430034579995,1301.4300746062513,1301.4301262202596,1301.4300662917967,1301.4299272695632,1301.430530594126,1301.4300409684572,1301.4301663204112,1301.4138861519953,1301.437070043592,1301.4305087685332,1301.4300441842267,1301.4301653721752,1301.4311966749324,1301.4300218191108,1301.431534825813,1301.429832662214,1301.4300250422734
smig2,0.0,0.0,0.0,0.0,0.0,0.0,0.0,0.0,0.0,0.0,0.0,0.0,0.0,0.0,0.0,0.0,0.0,0.0,0.0,0.0,0.0,0.0,0.0,0.0,0.0,0.0,0.0,0.0,0.0,0.0,0.0,0.0,0.0,0.0,0.0,0.0,0.0,0.0,0.0,0.0,0.0,0.0,0.0,0.0,0.0,0.0,-470.9920112005503,-470.99257993140014,-470.9877833013712,-470.98783955273603,-470.98781927011083,-470.9878379020151,-470.98790343727063,-470.98749989502477,-470.9878447493402,-470.9879026107421,-470.98787088593645,-470.9878220572229,-470.9878153389298,-470.99106405777366,-470.98112663724976,-470.9865514079344,-470.9867523079379,-470.9878676657109,-470.98789997898433,-470.98792836753165,-470.9867904172267,-470.98793379937916,-470.9878546591815
kdmig2,0.0,0.0,0.0,0.0,0.0,0.0,0.0,0.0,0.0,0.0,0.0,0.0,0.0,0.0,0.0,0.0,0.0,0.0,0.0,0.0,0.0,0.0,0.0,0.0,0.0,0.0,0.0,0.0,0.0,0.0,0.0,0.0,0.0,0.0,0.0,0.0,0.0,0.0,0.0,0.0,0.0,0.0,0.0,0.0,0.0,0.0,0.0,-1224.4907840532721,-1224.488357055936,-1224.487094190778,-1224.4869986643168,-1224.487080874552,-1224.4871280646817,-1224.487214182109,-1224.4870942684822,-1224.4870512150653,-1224.4866104249918,-1224.4870890635373,-1224.4869753959322,-1224.4871667804034,-1224.4763768125574,-1224.4872138132412,-1224.48640175969,-1224.4870666066204,-1224.4876066242985,-1224.4870634286074,-1224.482372340025,-1224.4871769692231,-1224.4870887928041
mdmig2,0.0,0.0,0.0,0.0,0.0,0.0,0.0,0.0,0.0,0.0,0.0,0.0,0.0,0.0,0.0,0.0,0.0,0.0,0.0,0.0,0.0,0.0,0.0,0.0,0.0,0.0,0.0,0.0,0.0,0.0,0.0,0.0,0.0,0.0,0.0,0.0,0.0,0.0,0.0,0.0,0.0,0.0,0.0,0.0,0.0,0.0,0.0,0.0,-147.25383469304668,-147.25363838579014,-147.25361479439135,-147.2536368592174,-147.25365567592195,-147.25326034076454,-147.25365197237963,-147.25354448156972,-147.25318436681937,-147.2535895927163,-147.2536063528589,-147.25537713737995,-147.24477450707653,-147.2544527753005,-147.25256821692307,-147.25363416257073,-147.25398132365012,-147.25367021098134,-147.2521406005543,-147.25371379736504,-147.25364878457688
r1,0.0,0.0,0.0,0.0,0.0,0.0,0.0,0.0,0.0,0.0,0.0,0.0,0.0,0.0,0.0,0.0,0.0,0.0,0.0,0.0,0.0,0.0,0.0,0.0,0.0,0.0,0.0,0.0,0.0,0.0,0.0,0.0,0.0,0.0,0.0,0.0,0.0,0.0,0.0,0.0,0.0,0.0,0.0,0.0,0.0,0.0,0.0,0.0,0.0,-87.00836542710555,-87.00836319253706,-87.00836302927802,-87.00836668215669,-87.00833998094001,-87.0083654560374,-87.00834652507532,-87.00836843897886,-87.00836622572868,-87.00836712592802,-87.0115141695449,-87.00716085677576,-87.00859537083711,-87.0082559076784,-87.00837799605026,-87.0083480633697,-87.0083637134164,-87.00856061875476,-87.00836092930778,-87.00836584082339
r2,0.0,0.0,0.0,0.0,0.0,0.0,0.0,0.0,0.0,0.0,0.0,0.0,0.0,0.0,0.0,0.0,0.0,0.0,0.0,0.0,0.0,0.0,0.0,0.0,0.0,0.0,0.0,0.0,0.0,0.0,0.0,0.0,0.0,0.0,0.0,0.0,0.0,0.0,0.0,0.0,0.0,0.0,0.0,0.0,0.0,0.0,0.0,0.0,0.0,0.0,-0.047515058023748676,-0.04751503997386405,-0.04751506040678336,-0.047515074348797995,-0.04751499041837167,-0.047514927778426995,-0.04751499047563352,-0.04751504404010221,-0.047515122865523694,-0.04753038304484491,-0.04752483072448987,-0.04751033590466684,-0.04751253768922492,-0.04751499478003469,-0.04751585752451365,-0.04751436180652753,-0.047514254904011496,-0.04751536422055833,-0.04751505596593417
r3,0.0,0.0,0.0,0.0,0.0,0.0,0.0,0.0,0.0,0.0,0.0,0.0,0.0,0.0,0.0,0.0,0.0,0.0,0.0,0.0,0.0,0.0,0.0,0.0,0.0,0.0,0.0,0.0,0.0,0.0,0.0,0.0,0.0,0.0,0.0,0.0,0.0,0.0,0.0,0.0,0.0,0.0,0.0,0.0,0.0,0.0,0.0,0.0,0.0,0.0,0.0,-0.39733097990772775,-0.39733100588298126,-0.3973308956767134,-0.3973312861700832,-0.39733062939192615,-0.39732975543468396,-0.39733115911172284,-0.39733100072524563,-0.3973302934401499,-0.39727615812770395,-0.3973219672280073,-0.3973147647800779,-0.397330703044334,-0.3973295251014068,-0.3973317538319221,-0.3973251125175329,-0.3973303663914966,-0.3973309116563203
r4,0.0,0.0,0.0,0.0,0.0,0.0,0.0,0.0,0.0,0.0,0.0,0.0,0.0,0.0,0.0,0.0,0.0,0.0,0.0,0.0,0.0,0.0,0.0,0.0,0.0,0.0,0.0,0.0,0.0,0.0,0.0,0.0,0.0,0.0,0.0,0.0,0.0,0.0,0.0,0.0,0.0,0.0,0.0,0.0,0.0,0.0,0.0,0.0,0.0,0.0,0.0,0.0,2.6231766665388214e-6,2.641380189644086e-6,2.6166808678547884e-6,2.632765206418485e-6,2.6376844789451003e-6,2.6517364828422577e-6,2.6405275369847104e-6,2.627309229013468e-6,2.6251023995659e-6,2.622284755087787e-6,2.63632537420853e-6,2.6333800746746147e-6,2.652975187680683e-6,2.656696831797026e-6,2.6150647826802218e-6,2.6275166661563813e-6,2.6420275844185444e-6
r5,0.0,0.0,0.0,0.0,0.0,0.0,0.0,0.0,0.0,0.0,0.0,0.0,0.0,0.0,0.0,0.0,0.0,0.0,0.0,0.0,0.0,0.0,0.0,0.0,0.0,0.0,0.0,0.0,0.0,0.0,0.0,0.0,0.0,0.0,0.0,0.0,0.0,0.0,0.0,0.0,0.0,0.0,0.0,0.0,0.0,0.0,0.0,0.0,0.0,0.0,0.0,0.0,0.0,-2.0021158431393355,-2.0021161050505563,-2.0021157054366987,-2.002113230853375,-2.0021153594677115,-2.002115215491304,-2.002158278235341,-2.002098677073004,-2.00211613824295,-2.0021026585475274,-2.002115661591626,-2.002111253576392,-2.0021138270400916,-2.002094521492346,-2.0021149425177365,-2.002115526578898
r6,0.0,0.0,0.0,0.0,0.0,0.0,0.0,0.0,0.0,0.0,0.0,0.0,0.0,0.0,0.0,0.0,0.0,0.0,0.0,0.0,0.0,0.0,0.0,0.0,0.0,0.0,0.0,0.0,0.0,0.0,0.0,0.0,0.0,0.0,0.0,0.0,0.0,0.0,0.0,0.0,0.0,0.0,0.0,0.0,0.0,0.0,0.0,0.0,0.0,0.0,0.0,0.0,0.0,0.0,-17.365948692071708,-17.365947771478446,-17.365932684759695,-17.36594857720648,-17.365949280098718,-17.36595520698736,-17.36603844840133,-17.365876177219533,-17.36588269759083,-17.365952407580266,-17.36596550225605,-17.365952806589362,-17.365936247822408,-17.365950980196082,-17.365948568071442
r7,0.0,0.0,0.0,0.0,0.0,0.0,0.0,0.0,0.0,0.0,0.0,0.0,0.0,0.0,0.0,0.0,0.0,0.0,0.0,0.0,0.0,0.0,0.0,0.0,0.0,0.0,0.0,0.0,0.0,0.0,0.0,0.0,0.0,0.0,0.0,0.0,0.0,0.0,0.0,0.0,0.0,0.0,0.0,0.0,0.0,0.0,0.0,0.0,0.0,0.0,0.0,0.0,0.0,0.0,0.0,-0.685414486052337,-0.685409285749117,-0.685415313949708,-0.685414849626388,-0.6854704901432169,-0.6854105808273069,-0.6854116244952031,-0.6854288349204584,-0.6854151826630963,-0.685413879463416,-0.6854159452493096,-0.6854098060704141,-0.6854150876560254,-0.6854153136824042
r8,0.0,0.0,0.0,0.0,0.0,0.0,0.0,0.0,0.0,0.0,0.0,0.0,0.0,0.0,0.0,0.0,0.0,0.0,0.0,0.0,0.0,0.0,0.0,0.0,0.0,0.0,0.0,0.0,0.0,0.0,0.0,0.0,0.0,0.0,0.0,0.0,0.0,0.0,0.0,0.0,0.0,0.0,0.0,0.0,0.0,0.0,0.0,0.0,0.0,0.0,0.0,0.0,0.0,0.0,0.0,0.0,4.225499458690867,4.225499054850906,4.225499138970106,4.225479557987249,4.225471849718967,4.22548900707609,4.225490946523554,4.225499192788318,4.2255018239312285,4.225497705264808,4.225513606710942,4.225498529604089,4.225499045142008
r9,0.0,0.0,0.0,0.0,0.0,0.0,0.0,0.0,0.0,0.0,0.0,0.0,0.0,0.0,0.0,0.0,0.0,0.0,0.0,0.0,0.0,0.0,0.0,0.0,0.0,0.0,0.0,0.0,0.0,0.0,0.0,0.0,0.0,0.0,0.0,0.0,0.0,0.0,0.0,0.0,0.0,0.0,0.0,0.0,0.0,0.0,0.0,0.0,0.0,0.0,0.0,0.0,0.0,0.0,0.0,0.0,0.0,152.98170701456982,152.98171040081166,152.98189445072495,152.98211827567965,152.9817595076012,152.98153822067607,152.98170761252098,152.9817405879429,152.98170531027435,152.98173885962063,152.9817049263848,152.98170890588153
r10,0.0,0.0,0.0,0.0,0.0,0.0,0.0,0.0,0.0,0.0,0.0,0.0,0.0,0.0,0.0,0.0,0.0,0.0,0.0,0.0,0.0,0.0,0.0,0.0,0.0,0.0,0.0,0.0,0.0,0.0,0.0,0.0,0.0,0.0,0.0,0.0,0.0,0.0,0.0,0.0,0.0,0.0,0.0,0.0,0.0,0.0,0.0,0.0,0.0,0.0,0.0,0.0,0.0,0.0,0.0,0.0,0.0,0.0,-1.2785515619382997,-1.2785620656864665,-1.2784650138644396,-1.2785391808713056,-1.278542630789483,-1.278551875022603,-1.2785527754549568,-1.2785517763301024,-1.278542077864224,-1.2785516137455089,-1.2785516258377942
r11,0.0,0.0,0.0,0.0,0.0,0.0,0.0,0.0,0.0,0.0,0.0,0.0,0.0,0.0,0.0,0.0,0.0,0.0,0.0,0.0,0.0,0.0,0.0,0.0,0.0,0.0,0.0,0.0,0.0,0.0,0.0,0.0,0.0,0.0,0.0,0.0,0.0,0.0,0.0,0.0,0.0,0.0,0.0,0.0,0.0,0.0,0.0,0.0,0.0,0.0,0.0,0.0,0.0,0.0,0.0,0.0,0.0,0.0,0.0,0.09244469073154557,0.09249764552663814,0.09246280692235188,0.09245061896025492,0.09246230923143464,0.09247304548370618,0.09246182930425688,0.09243471337025777,0.09246424761882001,0.09246295192196313
r12,0.0,0.0,0.0,0.0,0.0,0.0,0.0,0.0,0.0,0.0,0.0,0.0,0.0,0.0,0.0,0.0,0.0,0.0,0.0,0.0,0.0,0.0,0.0,0.0,0.0,0.0,0.0,0.0,0.0,0.0,0.0,0.0,0.0,0.0,0.0,0.0,0.0,0.0,0.0,0.0,0.0,0.0,0.0,0.0,0.0,0.0,0.0,0.0,0.0,0.0,0.0,0.0,0.0,0.0,0.0,0.0,0.0,0.0,0.0,0.0,1648.3354657915806,1648.3375562407869,1648.337080568487,1648.3377274878355,1648.3371648430245,1648.3377185846691,1648.3388586876165,1648.3376902164262,1648.3376960282187
r13,0.0,0.0,0.0,0.0,0.0,0.0,0.0,0.0,0.0,0.0,0.0,0.0,0.0,0.0,0.0,0.0,0.0,0.0,0.0,0.0,0.0,0.0,0.0,0.0,0.0,0.0,0.0,0.0,0.0,0.0,0.0,0.0,0.0,0.0,0.0,0.0,0.0,0.0,0.0,0.0,0.0,0.0,0.0,0.0,0.0,0.0,0.0,0.0,0.0,0.0,0.0,0.0,0.0,0.0,0.0,0.0,0.0,0.0,0.0,0.0,0.0,-2150.363751820694,-2150.368271044701,-2150.367354959681,-2150.3669386121433,-2150.3672497683583,-2150.3689165672013,-2150.3672962434066,-2150.3673321033157
r14,0.0,0.0,0.0,0.0,0.0,0.0,0.0,0.0,0.0,0.0,0.0,0.0,0.0,0.0,0.0,0.0,0.0,0.0,0.0,0.0,0.0,0.0,0.0,0.0,0.0,0.0,0.0,0.0,0.0,0.0,0.0,0.0,0.0,0.0,0.0,0.0,0.0,0.0,0.0,0.0,0.0,0.0,0.0,0.0,0.0,0.0,0.0,0.0,0.0,0.0,0.0,0.0,0.0,0.0,0.0,0.0,0.0,0.0,0.0,0.0,0.0,0.0,250.33911138033756,250.33947862464112,250.3394788792312,250.33946923707464,250.33914060375693,250.33947683303768,250.33947897137102
r15,0.0,0.0,0.0,0.0,0.0,0.0,0.0,0.0,0.0,0.0,0.0,0.0,0.0,0.0,0.0,0.0,0.0,0.0,0.0,0.0,0.0,0.0,0.0,0.0,0.0,0.0,0.0,0.0,0.0,0.0,0.0,0.0,0.0,0.0,0.0,0.0,0.0,0.0,0.0,0.0,0.0,0.0,0.0,0.0,0.0,0.0,0.0,0.0,0.0,0.0,0.0,0.0,0.0,0.0,0.0,0.0,0.0,0.0,0.0,0.0,0.0,0.0,0.0,-247.20882463205328,-247.20885429830793,-247.2088203533324,-247.20895279910863,-247.2088096891332,-247.20881203454815
r16,0.0,0.0,0.0,0.0,0.0,0.0,0.0,0.0,0.0,0.0,0.0,0.0,0.0,0.0,0.0,0.0,0.0,0.0,0.0,0.0,0.0,0.0,0.0,0.0,0.0,0.0,0.0,0.0,0.0,0.0,0.0,0.0,0.0,0.0,0.0,0.0,0.0,0.0,0.0,0.0,0.0,0.0,0.0,0.0,0.0,0.0,0.0,0.0,0.0,0.0,0.0,0.0,0.0,0.0,0.0,0.0,0.0,0.0,0.0,0.0,0.0,0.0,0.0,0.0,27.051100059254036,27.051106454395356,27.051117704714756,27.05110520368476,27.051105894360436
r17,0.0,0.0,0.0,0.0,0.0,0.0,0.0,0.0,0.0,0.0,0.0,0.0,0.0,0.0,0.0,0.0,0.0,0.0,0.0,0.0,0.0,0.0,0.0,0.0,0.0,0.0,0.0,0.0,0.0,0.0,0.0,0.0,0.0,0.0,0.0,0.0,0.0,0.0,0.0,0.0,0.0,0.0,0.0,0.0,0.0,0.0,0.0,0.0,0.0,0.0,0.0,0.0,0.0,0.0,0.0,0.0,0.0,0.0,0.0,0.0,0.0,0.0,0.0,0.0,0.0,-158.54020953718316,-158.54054813229212,-158.54020458047958,-158.54020458148722
r18,0.0,0.0,0.0,0.0,0.0,0.0,0.0,0.0,0.0,0.0,0.0,0.0,0.0,0.0,0.0,0.0,0.0,0.0,0.0,0.0,0.0,0.0,0.0,0.0,0.0,0.0,0.0,0.0,0.0,0.0,0.0,0.0,0.0,0.0,0.0,0.0,0.0,0.0,0.0,0.0,0.0,0.0,0.0,0.0,0.0,0.0,0.0,0.0,0.0,0.0,0.0,0.0,0.0,0.0,0.0,0.0,0.0,0.0,0.0,0.0,0.0,0.0,0.0,0.0,0.0,0.0,3.948437898074574,3.9484376001557493,3.9484409079215737
r19,0.0,0.0,0.0,0.0,0.0,0.0,0.0,0.0,0.0,0.0,0.0,0.0,0.0,0.0,0.0,0.0,0.0,0.0,0.0,0.0,0.0,0.0,0.0,0.0,0.0,0.0,0.0,0.0,0.0,0.0,0.0,0.0,0.0,0.0,0.0,0.0,0.0,0.0,0.0,0.0,0.0,0.0,0.0,0.0,0.0,0.0,0.0,0.0,0.0,0.0,0.0,0.0,0.0,0.0,0.0,0.0,0.0,0.0,0.0,0.0,0.0,0.0,0.0,0.0,0.0,0.0,0.0,44.7543667290729,44.75436327408268
r20,0.0,0.0,0.0,0.0,0.0,0.0,0.0,0.0,0.0,0.0,0.0,0.0,0.0,0.0,0.0,0.0,0.0,0.0,0.0,0.0,0.0,0.0,0.0,0.0,0.0,0.0,0.0,0.0,0.0,0.0,0.0,0.0,0.0,0.0,0.0,0.0,0.0,0.0,0.0,0.0,0.0,0.0,0.0,0.0,0.0,0.0,0.0,0.0,0.0,0.0,0.0,0.0,0.0,0.0,0.0,0.0,0.0,0.0,0.0,0.0,0.0,0.0,0.0,0.0,0.0,0.0,0.0,0.0,12.405316006397037
r21,0.0,0.0,0.0,0.0,0.0,0.0,0.0,0.0,0.0,0.0,0.0,0.0,0.0,0.0,0.0,0.0,0.0,0.0,0.0,0.0,0.0,0.0,0.0,0.0,0.0,0.0,0.0,0.0,0.0,0.0,0.0,0.0,0.0,0.0,0.0,0.0,0.0,0.0,0.0,0.0,0.0,0.0,0.0,0.0,0.0,0.0,0.0,0.0,0.0,0.0,0.0,0.0,0.0,0.0,0.0,0.0,0.0,0.0,0.0,0.0,0.0,0.0,0.0,0.0,0.0,0.0,0.0,0.0,0.0
